year,month,index
EXTRACTED,ON,2021-05-04
2019,3,7287
2019,12,9368
2019,1,4867
2019,1,41026
2018,11,45360
2018,8,8976
2018,7,23827
2018,8,35383
2017,10,12942
2017,9,7398
2017,9,2220
2017,1,15824
2016,8,8449
2016,10,6838
2016,6,14035
2016,6,19013
2015,11,13706
2015,1,14440
2015,8,3115
2015,7,5429
2014,1,10851
2014,1,3462
2014,5,9849
2014,1,31291
2013,1,14816
2013,11,5244
2013,10,8307
2013,5,12546
2012,7,14422
2012,5,9683
2012,7,1521
2012,12,442
2011,12,8033
2011,6,62
2011,4,1992
2011,7,397
2010,8,4712
2010,8,1166
2010,3,271
2010,10,957
2009,10,660
2009,3,3436
2009,12,1756
2009,1,451
2008,10,661
2008,12,1039
2008,11,793
2008,12,787
EXTRACTED,ON,2021-02-09
2011,10,6297
2010,2,2143
2009,3,1082
2008,6,23
2012,6,15380
2011,10,3480
2010,2,467
2009,3,439
2008,6,52
2012,6,5804
2011,10,6169
2010,2,1202
2009,3,2615
2008,6,99
2014,2,21592
2013,2,11045
2014,2,8774
2013,2,10153
2014,2,9263
2013,2,10190
2014,2,19539
2013,2,8521
2015,1,20575
2015,8,24369
2019,6,35037
2019,6,22502
2018,10,1827
2018,10,21559
2017,7,2273
2017,7,20860
2016,5,10366
2016,5,10382
2015,7,22453
2015,8,2456
2019,6,33769
2019,6,37364
2018,10,24242
2018,10,62860
2017,7,22797
2017,7,12314
2016,5,8296
2016,5,14
2015,12,12394
2015,8,1279
EXTRACTED,ON,2020-12-22
2014,8,9303
2012,9,10605
2012,12,4295
2012,5,15962
2011,6,368
2010,12,2425
2008,2,91
2008,7,448
2008,11,975
2008,6,486
2009,12,2021
2009,5,433
2009,9,1865
2010,1,345
2010,10,3074
2010,5,444
2011,4,6811
2011,1,3754
2011,11,6222
2012,9,2446
2012,5,10473
2012,6,2594
2013,12,14098
2013,4,17930
2013,8,10303
2014,1,5966
2014,3,19390
2014,6,8713
EXTRACTED,ON,2020-10-05
2015,2,22218
2015,7,17072
2016,6,23358
2016,11,5120
2017,10,18536
2017,11,29614
2018,1,3174
2018,7,7189
2019,2,38532
2019,6,9491
2019,1,32523
2019,9,23226
EXTRACTED,ON,2020-03-09
2015,9,2945
2015,7,17142
2016,3,11776
2016,6,7321
2017,10,20741
2018,10,6104
2018,12,29666
2019,8,22886
2019,12,24432
2019,11,6518
2019,3,41729
